"","LMP-2B","EBNA-2","EBNA-3A","EBNA-3B/EBNA-3C","EBNA-1","EBNA-LP","BHRF1","EBNA-1.1","BZLF1","BRLF1","RPMS1","A73","LMP-2A","LMP-1"
"run2_AAAGTAGGTCTCTTAT-1",0,9.21044036697652,0,0,0,0,0,0,0,0,0,0,0,0
"run2_AAAGTAGGTTACGTCA-1",0,0,0,9.21044036697652,0,0,0,0,0,0,0,0,0,0
"run2_AAATGCCGTGACTACT-1",0,9.21044036697652,0,0,0,0,0,0,0,0,0,0,0,0
"run2_AACCATGTCTTGAGGT-1",0,9.21044036697652,0,0,0,0,0,0,0,0,0,0,0,0
"run2_AACTGGTGTAAAGGAG-1",0,8.69968140098951,7.60140233458373,7.60140233458373,0,0,0,0,0,0,0,0,0,0
"run2_AACTTTCAGATGTGGC-1",0,9.21044036697652,0,0,0,0,0,0,0,0,0,0,0,0
"run2_AAGACCTTCTTCGGTC-1",0,9.21044036697652,0,0,0,0,0,0,0,0,0,0,0,0
"run2_AAGGAGCCAGATGGGT-1",0,0,0,9.21044036697652,0,0,0,0,0,0,0,0,0,0
"run2_AAGGTTCTCTTATCTG-1",0,9.21044036697652,0,0,0,0,0,0,0,0,0,0,0,0
"run2_AAGTCTGCATGCAACT-1",0,9.21044036697652,0,0,0,0,0,0,0,0,0,0,0,0
"run2_AATCCAGGTTCAACCA-1",0,9.21044036697652,0,0,0,0,0,0,0,0,0,0,0,0
"run2_ACACCGGGTACCAGTT-1",0,0,0,0,0,0,0,0,0,0,0,0,0,9.21044036697652
"run2_ACAGCCGTCGCAGGCT-1",0,8.80502525261914,8.11202803831707,0,0,0,0,0,0,0,0,0,0,0
"run2_ACATCAGAGGTGATTA-1",0,9.21044036697652,0,0,0,0,0,0,0,0,0,0,0,0
"run2_ACATCAGGTCTAAAGA-1",0,9.21044036697652,0,0,0,0,0,0,0,0,0,0,0,0
"run2_ACCAGTAAGTACCGGA-1",0,9.21044036697652,0,0,0,0,0,0,0,0,0,0,0,0
"run2_ACCAGTATCTGAAAGA-1",0,0,9.21044036697652,0,0,0,0,0,0,0,0,0,0,0
"run2_ACCCACTTCCAAATGC-1",0,8.11202803831707,0,8.80502525261914,0,0,0,0,0,0,0,0,0,0
"run2_ACGAGCCTCCGTCAAA-1",0,0,0,9.21044036697652,0,0,0,0,0,0,0,0,0,0
"run2_ACGATACTCGCGGATC-1",0,0,9.21044036697652,0,0,0,0,0,0,0,0,0,0,0
"run2_ACGCAGCAGCTGAAAT-1",0,0,9.21044036697652,0,0,0,0,0,0,0,0,0,0,0
"run2_ACGGCCAAGATGTAAC-1",0,9.21044036697652,0,0,0,0,0,0,0,0,0,0,0,0
"run2_ACGGGTCTCGCTTGTC-1",0,0,0,9.21044036697652,0,0,0,0,0,0,0,0,0,0
"run2_ACGTCAAGTATCACCA-1",0,9.21044036697652,0,0,0,0,0,0,0,0,0,0,0,0
"run2_ACTGAGTGTTCAACCA-1",0,0,0,0,0,0,0,0,0,0,0,0,0,9.21044036697652
"run2_ACTGAGTTCATCATTC-1",0,0,9.21044036697652,0,0,0,0,0,0,0,0,0,0,0
"run2_ACTGATGAGCACAGGT-1",0,9.21044036697652,0,0,0,0,0,0,0,0,0,0,0,0
"run2_ACTGATGAGCCAGAAC-1",0,9.21044036697652,0,0,0,0,0,0,0,0,0,0,0,0
"run2_ACTGCTCGTACGACCC-1",0,0,0,9.21044036697652,0,0,0,0,0,0,0,0,0,0
"run2_ACTGCTCTCTTGAGAC-1",0,9.21044036697652,0,0,0,0,0,0,0,0,0,0,0,0
"run2_ACTTGTTAGAATTGTG-1",0,0,9.21044036697652,0,0,0,0,0,0,0,0,0,0,0
"run2_AGAGCTTCAGCTGTGC-1",0,9.21044036697652,0,0,0,0,0,0,0,0,0,0,0,0
"run2_AGAGTGGTCCCTCTTT-1",0,0,0,0,0,0,0,0,0,0,0,0,0,9.21044036697652
"run2_AGCAGCCAGCATGGCA-1",0,9.21044036697652,0,0,0,0,0,0,0,0,0,0,0,0
"run2_AGCAGCCGTTGAGTTC-1",0,9.21044036697652,0,0,0,0,0,0,0,0,0,0,0,0
"run2_AGCATACGTACCGTAT-1",0,0,9.21044036697652,0,0,0,0,0,0,0,0,0,0,0
"run2_AGCCTAACAATGACCT-1",0,0,7.60140233458373,8.98732181285012,0,0,0,0,0,0,0,0,0,0
"run2_AGCGGTCAGAGGGCTT-1",0,0,0,9.21044036697652,0,0,0,0,0,0,0,0,0,0
"run2_AGCGGTCGTCATGCCG-1",0,9.21044036697652,0,0,0,0,0,0,0,0,0,0,0,0
"run2_AGCGTATAGCGCTCCA-1",0,0,0,9.21044036697652,0,0,0,0,0,0,0,0,0,0
"run2_AGCTCTCCAATGGTCT-1",0,0,9.21044036697652,0,0,0,0,0,0,0,0,0,0,0
"run2_AGGCCACGTTCTGAAC-1",0,9.21044036697652,0,0,0,0,0,0,0,0,0,0,0,0
"run2_AGGCCGTCAAAGCGGT-1",0,9.21044036697652,0,0,0,0,0,0,0,0,0,0,0,0
"run2_AGTCTTTAGCGTAATA-1",0,9.21044036697652,0,0,0,0,0,0,0,0,0,0,0,0
"run2_AGTCTTTTCGGCGCTA-1",0,0,9.21044036697652,0,0,0,0,0,0,0,0,0,0,0
"run2_AGTTGGTTCAGCATGT-1",0,0,0,0,0,0,0,0,0,0,0,0,0,9.21044036697652
"run2_ATAACGCTCACCGTAA-1",0,0,0,9.21044036697652,0,0,0,0,0,0,0,0,0,0
"run2_ATAGACCTCACTCTTA-1",0,0,0,9.21044036697652,0,0,0,0,0,0,0,0,0,0
"run2_ATCACGATCCATGAGT-1",0,8.5173931714189,0,8.5173931714189,0,0,0,0,0,0,0,0,0,0
"run2_ATCATCTTCTACGAGT-1",0,0,8.5173931714189,8.5173931714189,0,0,0,0,0,0,0,0,0,0
"run2_ATCATGGGTATTCTCT-1",0,9.21044036697652,0,0,0,0,0,0,0,0,0,0,0,0
"run2_ATCTGCCGTACCGTTA-1",0,0,9.21044036697652,0,0,0,0,0,0,0,0,0,0,0
"run2_ATGCGATTCGGTTCGG-1",0,9.21044036697652,0,0,0,0,0,0,0,0,0,0,0,0
"run2_ATGGGAGGTTGTACAC-1",0,0,9.21044036697652,0,0,0,0,0,0,0,0,0,0,0
"run2_ATTACTCCAATGGATA-1",0,0,0,0,0,0,0,9.21044036697652,0,0,0,0,0,0
"run2_ATTACTCTCTCAAACG-1",0,9.21044036697652,0,0,0,0,0,0,0,0,0,0,0,0
"run2_ATTATCCAGCAATCTC-1",0,0,0,0,0,0,0,9.21044036697652,0,0,0,0,0,0
"run2_ATTATCCCAGGGCATA-1",0,0,0,9.21044036697652,0,0,0,0,0,0,0,0,0,0
"run2_ATTGGTGCACTAGTAC-1",0,0,0,9.21044036697652,0,0,0,0,0,0,0,0,0,0
"run2_ATTGGTGGTGCAACGA-1",0,0,9.21044036697652,0,0,0,0,0,0,0,0,0,0,0
"run2_CAACCTCCACCAGGCT-1",0,9.21044036697652,0,0,0,0,0,0,0,0,0,0,0,0
"run2_CAAGAAACAAGCTGTT-1",0,0,0,9.21044036697652,0,0,0,0,0,0,0,0,0,0
"run2_CACAAACCATCTGGTA-1",0,0,0,9.21044036697652,0,0,0,0,0,0,0,0,0,0
"run2_CACAAACTCCGTAGGC-1",0,8.36327581770432,0,8.65089956873005,0,0,0,0,0,0,0,0,0,0
"run2_CACACAAAGGCTCTTA-1",0,9.21044036697652,0,0,0,0,0,0,0,0,0,0,0,0
"run2_CACATAGGTCTTCTCG-1",0,7.82444593087762,0,8.92279162396964,0,0,0,0,0,0,0,0,0,0
"run2_CACATTTTCCGTACAA-1",0,8.80502525261914,0,8.11202803831707,0,0,0,0,0,0,0,0,0,0
"run2_CACCAGGGTACCGAGA-1",0,0,0,0,0,0,0,0,0,0,0,0,0,9.21044036697652
"run2_CACCTTGGTAAATGTG-1",0,0,0,9.21044036697652,0,0,0,0,0,0,0,0,0,0
"run2_CAGAGAGGTCACTGGC-1",0,9.21044036697652,0,0,0,0,0,0,0,0,0,0,0,0
"run2_CAGCAGCAGTCGTACT-1",0,9.21044036697652,0,0,0,0,0,0,0,0,0,0,0,0
"run2_CAGCATATCAGTTAGC-1",0,0,0,0,0,0,0,0,0,9.21044036697652,0,0,0,0
"run2_CATCAAGGTAGCTAAA-1",0,9.21044036697652,0,0,0,0,0,0,0,0,0,0,0,0
"run2_CATCGGGTCTATCCCG-1",0,8.11202803831707,0,8.11202803831707,0,0,0,0,0,0,0,0,0,8.11202803831707
"run2_CCACTACCAAGTCTAC-1",0,9.21044036697652,0,0,0,0,0,0,0,0,0,0,0,0
"run2_CCATGTCAGAACAACT-1",0,0,0,9.21044036697652,0,0,0,0,0,0,0,0,0,0
"run2_CCTACACTCATGTCTT-1",0,7.60140233458373,0,8.69968140098951,0,0,0,0,0,0,0,0,0,7.60140233458373
"run2_CCTAGCTGTTGTTTGG-1",0,8.11202803831707,8.11202803831707,8.11202803831707,0,0,0,0,0,0,0,0,0,0
"run2_CCTATTAGTTGTCGCG-1",0,9.21044036697652,0,0,0,0,0,0,0,0,0,0,0,0
"run2_CCTCTGACATTGCGGC-1",0,0,0,9.21044036697652,0,0,0,0,0,0,0,0,0,0
"run2_CCTTCCCGTCGCGGTT-1",0,9.21044036697652,0,0,0,0,0,0,0,0,0,0,0,0
"run2_CCTTCCCTCCGTCATC-1",0,0,0,9.21044036697652,0,0,0,0,0,0,0,0,0,0
"run2_CGAGAAGGTTAAGAAC-1",0,9.21044036697652,0,0,0,0,0,0,0,0,0,0,0,0
"run2_CGAGAAGTCGTAGATC-1",0,7.60140233458373,7.60140233458373,8.69968140098951,0,0,0,0,0,0,0,0,0,0
"run2_CGAGCACAGAGGTTGC-1",0,0,0,9.21044036697652,0,0,0,0,0,0,0,0,0,0
"run2_CGAGCCACAAATTGCC-1",0,9.21044036697652,0,0,0,0,0,0,0,0,0,0,0,0
"run2_CGAGCCATCAACGGCC-1",0,0,0,9.21044036697652,0,0,0,0,0,0,0,0,0,0
"run2_CGATGTATCTGAGTGT-1",0,9.21044036697652,0,0,0,0,0,0,0,0,0,0,0,0
"run2_CGCCAAGAGACTAGAT-1",0,9.21044036697652,0,0,0,0,0,0,0,0,0,0,0,0
"run2_CGCTATCGTAGCTGCC-1",0,9.21044036697652,0,0,0,0,0,0,0,0,0,0,0,0
"run2_CGCTTCACAGTAAGAT-1",0,0,0,9.21044036697652,0,0,0,0,0,0,0,0,0,0
"run2_CGGACACCACAACGCC-1",0,0,0,9.21044036697652,0,0,0,0,0,0,0,0,0,0
"run2_CGGACGTTCAACACCA-1",0,9.21044036697652,0,0,0,0,0,0,0,0,0,0,0,0
"run2_CGGTTAATCTGGTTCC-1",0,9.21044036697652,0,0,0,0,0,0,0,0,0,0,0,0
"run2_CGTAGGCAGGATGTAT-1",0,0,0,9.21044036697652,0,0,0,0,0,0,0,0,0,0
"run2_CGTAGGCTCCAGGGCT-1",0,9.21044036697652,0,0,0,0,0,0,0,0,0,0,0,0
"run2_CGTCTACCACCCATGG-1",0,0,0,9.21044036697652,0,0,0,0,0,0,0,0,0,0
"run2_CGTGTCTCAGTACACT-1",0,0,0,0,0,0,0,0,0,9.21044036697652,0,0,0,0
"run2_CGTGTCTTCGTTTAGG-1",0,9.21044036697652,0,0,0,0,0,0,0,0,0,0,0,0
"run2_CGTTAGAAGAATGTGT-1",0,9.21044036697652,0,0,0,0,0,0,0,0,0,0,0,0
"run2_CGTTGGGCACTGAAGG-1",0,0,0,9.21044036697652,0,0,0,0,0,0,0,0,0,0
"run2_CTAACTTCAAACGCGA-1",0,9.21044036697652,0,0,0,0,0,0,0,0,0,0,0,0
"run2_CTAAGACTCTACCAGA-1",0,9.21044036697652,0,0,0,0,0,0,0,0,0,0,0,0
"run2_CTACACCGTTGTACAC-1",0,8.5173931714189,8.5173931714189,0,0,0,0,0,0,0,0,0,0,0
"run2_CTACACCTCATCGGAT-1",0,8.5173931714189,8.5173931714189,0,0,0,0,0,0,0,0,0,0,0
"run2_CTAGCCTTCCACTCCA-1",0,0,0,9.21044036697652,0,0,0,0,0,0,0,0,0,0
"run2_CTAGTGAGTATGAAAC-1",8.5173931714189,0,0,8.5173931714189,0,0,0,0,0,0,0,0,0,0
"run2_CTCATTAAGTTTCCTT-1",0,0,0,9.21044036697652,0,0,0,0,0,0,0,0,0,0
"run2_CTCCTAGAGCTGAACG-1",0,9.21044036697652,0,0,0,0,0,0,0,0,0,0,0,0
"run2_CTCGAGGAGGGTGTTG-1",0,9.21044036697652,0,0,0,0,0,0,0,0,0,0,0,0
"run2_CTCGAGGCACGAGGTA-1",0,0,9.21044036697652,0,0,0,0,0,0,0,0,0,0,0
"run2_CTCGAGGGTACTTAGC-1",0,0,0,9.21044036697652,0,0,0,0,0,0,0,0,0,0
"run2_CTCGGAGGTTCGAATC-1",0,9.21044036697652,0,0,0,0,0,0,0,0,0,0,0,0
"run2_CTCGTCAGTGCACGAA-1",0,0,0,9.21044036697652,0,0,0,0,0,0,0,0,0,0
"run2_CTCTACGCAGCTGTTA-1",0,9.21044036697652,0,0,0,0,0,0,0,0,0,0,0,0
"run2_CTCTACGGTCATGCCG-1",0,0,9.21044036697652,0,0,0,0,0,0,0,0,0,0,0
"run2_CTCTGGTCAGGCTGAA-1",0,0,8.5173931714189,0,0,0,0,0,0,0,8.5173931714189,0,0,0
"run2_CTGTGCTCAACTGGCC-1",0,0,0,9.21044036697652,0,0,0,0,0,0,0,0,0,0
"run2_CTGTGCTGTACCCAAT-1",0,0,9.21044036697652,0,0,0,0,0,0,0,0,0,0,0
"run2_CTTAACTGTACCGGCT-1",0,0,7.4191807228201,9.0281388079828,0,0,0,0,0,0,0,0,0,0
"run2_CTTCTCTAGATATGCA-1",0,8.11202803831707,0,0,0,0,0,0,0,0,8.11202803831707,0,0,8.11202803831707
"run2_CTTCTCTAGTACATGA-1",0,9.21044036697652,0,0,0,0,0,0,0,0,0,0,0,0
"run2_CTTCTCTCACGAGGTA-1",0,0,0,9.21044036697652,0,0,0,0,0,0,0,0,0,0
"run2_CTTCTCTGTACTCAAC-1",0,0,0,0,0,0,0,0,0,0,9.21044036697652,0,0,0
"run2_GAAATGACACATTCGA-1",0,9.21044036697652,0,0,0,0,0,0,0,0,0,0,0,0
"run2_GAAGCAGTCGCTAGCG-1",0,9.21044036697652,0,0,0,0,0,0,0,0,0,0,0,0
"run2_GACACGCGTTTGCATG-1",0,7.60140233458373,8.29429960885724,7.60140233458373,0,0,0,0,0,0,7.60140233458373,0,0,0
"run2_GACGGCTAGGCAGGTT-1",0,9.21044036697652,0,0,0,0,0,0,0,0,0,0,0,0
"run2_GACTACAGTGGAAAGA-1",0,8.5173931714189,0,8.5173931714189,0,0,0,0,0,0,0,0,0,0
"run2_GAGCAGAAGTAGTGCG-1",0,8.11202803831707,0,0,0,0,0,0,0,0,0,0,0,8.80502525261914
"run2_GATCAGTTCTTGTACT-1",0,9.21044036697652,0,0,0,0,0,0,0,0,0,0,0,0
"run2_GATCGATAGCAGGTCA-1",0,9.21044036697652,0,0,0,0,0,0,0,0,0,0,0,0
"run2_GCCAAATTCCTTTCTC-1",0,9.21044036697652,0,0,0,0,0,0,0,0,0,0,0,0
"run2_GCCTCTACAATCCAAC-1",0,0,0,9.21044036697652,0,0,0,0,0,0,0,0,0,0
"run2_GCCTCTACATCCGCGA-1",0,0,8.5173931714189,8.5173931714189,0,0,0,0,0,0,0,0,0,0
"run2_GCCTCTATCCGCATCT-1",0,8.5173931714189,0,8.5173931714189,0,0,0,0,0,0,0,0,0,0
"run2_GCGCCAAGTGTAAGTA-1",0,0,0,9.21044036697652,0,0,0,0,0,0,0,0,0,0
"run2_GCGCGATAGCTCAACT-1",0,0,9.21044036697652,0,0,0,0,0,0,0,0,0,0,0
"run2_GCTGCGATCAGAAATG-1",0,0,0,9.21044036697652,0,0,0,0,0,0,0,0,0,0
"run2_GGAATAACAAACGCGA-1",0,9.21044036697652,0,0,0,0,0,0,0,0,0,0,0,0
"run2_GGACAAGGTCAAACTC-1",0,8.29429960885724,0,0,0,0,0,0,0,0,7.60140233458373,0,0,8.29429960885724
"run2_GGACATTCAATACGCT-1",0,8.5173931714189,0,8.5173931714189,0,0,0,0,0,0,0,0,0,0
"run2_GGACGTCTCTCGATGA-1",0,9.21044036697652,0,0,0,0,0,0,0,0,0,0,0,0
"run2_GGATGTTGTCCTCTTG-1",0,0,0,9.21044036697652,0,0,0,0,0,0,0,0,0,0
"run2_GGCCGATAGGGCTTGA-1",0,9.21044036697652,0,0,0,0,0,0,0,0,0,0,0,0
"run2_GGCGACTTCATTATCC-1",0,0,9.21044036697652,0,0,0,0,0,0,0,0,0,0,0
"run2_GGCTCGAAGATGAGAG-1",0,8.5173931714189,0,0,0,0,0,0,0,0,0,0,0,8.5173931714189
"run2_GGCTGGTTCCACTCCA-1",0,0,0,9.21044036697652,0,0,0,0,0,0,0,0,0,0
"run2_GGCTGGTTCTGCTGCT-1",0,0,0,9.21044036697652,0,0,0,0,0,0,0,0,0,0
"run2_GGGACCTGTGGTAACG-1",0,0,0,9.21044036697652,0,0,0,0,0,0,0,0,0,0
"run2_GGGCACTGTAAACGCG-1",0,9.21044036697652,0,0,0,0,0,0,0,0,0,0,0,0
"run2_GGTGAAGCATTTGCTT-1",0,9.21044036697652,0,0,0,0,0,0,0,0,0,0,0,0
"run2_GGTGCGTGTCGCATAT-1",0,0,0,8.5173931714189,0,0,0,0,0,0,0,0,0,8.5173931714189
"run2_GTAACGTAGCTAACAA-1",0,0,8.11202803831707,8.80502525261914,0,0,0,0,0,0,0,0,0,0
"run2_GTAACTGCATGTTGAC-1",0,0,0,9.21044036697652,0,0,0,0,0,0,0,0,0,0
"run2_GTAACTGGTAGTAGTA-1",0,0,0,9.21044036697652,0,0,0,0,0,0,0,0,0,0
"run2_GTAACTGTCCATGAAC-1",0,0,0,9.21044036697652,0,0,0,0,0,0,0,0,0,0
"run2_GTACGTACAAGTCTGT-1",0,9.21044036697652,0,0,0,0,0,0,0,0,0,0,0,0
"run2_GTACGTACATTCTCAT-1",0,9.21044036697652,0,0,0,0,0,0,0,0,0,0,0,0
"run2_GTAGTCACACATGACT-1",0,8.11202803831707,0,8.80502525261914,0,0,0,0,0,0,0,0,0,0
"run2_GTAGTCACACCTCGGA-1",0,0,0,9.21044036697652,0,0,0,0,0,0,0,0,0,0
"run2_GTATTCTTCTTGAGGT-1",0,9.21044036697652,0,0,0,0,0,0,0,0,0,0,0,0
"run2_GTCAAGTCATTTCAGG-1",0,8.36327581770432,0,8.65089956873005,0,0,0,0,0,0,0,0,0,0
"run2_GTCATTTGTGTTTGGT-1",0,9.21044036697652,0,0,0,0,0,0,0,0,0,0,0,0
"run2_GTCATTTTCCCTTGTG-1",0,9.21044036697652,0,0,0,0,0,0,0,0,0,0,0,0
"run2_GTGCAGCTCTGTCTCG-1",0,0,0,9.21044036697652,0,0,0,0,0,0,0,0,0,0
"run2_GTTACAGCAGCTGTTA-1",0,8.5173931714189,0,0,0,0,0,8.5173931714189,0,0,0,0,0,0
"run2_GTTCGGGAGAGTAAGG-1",0,0,0,0,0,0,0,0,0,0,0,0,0,9.21044036697652
"run2_GTTCGGGCATTACCTT-1",0,8.11202803831707,0,8.80502525261914,0,0,0,0,0,0,0,0,0,0
"run2_GTTCTCGCACCGCTAG-1",0,0,8.5173931714189,8.5173931714189,0,0,0,0,0,0,0,0,0,0
"run2_TAAGCGTCATACTACG-1",0,0,0,9.21044036697652,0,0,0,0,0,0,0,0,0,0
"run2_TACCTATGTCTTCTCG-1",0,9.21044036697652,0,0,0,0,0,0,0,0,0,0,0,0
"run2_TACGGTAGTCGAAAGC-1",0,0,0,9.21044036697652,0,0,0,0,0,0,0,0,0,0
"run2_TACTTGTAGCGTTCCG-1",0,0,0,9.21044036697652,0,0,0,0,0,0,0,0,0,0
"run2_TACTTGTGTACCGGCT-1",0,0,0,9.21044036697652,0,0,0,0,0,0,0,0,0,0
"run2_TAGGCATCAATAAGCA-1",0,0,0,9.21044036697652,0,0,0,0,0,0,0,0,0,0
"run2_TAGTTGGGTCCTCCAT-1",0,9.21044036697652,0,0,0,0,0,0,0,0,0,0,0,0
"run2_TATCTCAAGTCCGGTC-1",0,9.21044036697652,0,0,0,0,0,0,0,0,0,0,0,0
"run2_TATCTCATCCAAACAC-1",0,9.21044036697652,0,0,0,0,0,0,0,0,0,0,0,0
"run2_TCAATCTCAAAGGTGC-1",0,0,0,9.21044036697652,0,0,0,0,0,0,0,0,0,0
"run2_TCACAAGCAGACAAGC-1",0,0,0,9.21044036697652,0,0,0,0,0,0,0,0,0,0
"run2_TCAGATGTCATGTGGT-1",0,0,9.21044036697652,0,0,0,0,0,0,0,0,0,0,0
"run2_TCAGCAACATTACGAC-1",0,0,0,9.21044036697652,0,0,0,0,0,0,0,0,0,0
"run2_TCAGGATGTACTCAAC-1",0,0,0,0,0,0,0,0,0,0,0,0,0,9.21044036697652
"run2_TCATTTGGTCTTTCAT-1",0,0,0,9.21044036697652,0,0,0,0,0,0,0,0,0,0
"run2_TGACGGCAGGCTCATT-1",0,0,0,0,0,0,0,0,0,0,0,0,0,9.21044036697652
"run2_TGACTTTAGACAGGCT-1",0,0,0,9.21044036697652,0,0,0,0,0,0,0,0,0,0
"run2_TGATTTCTCGTCTGAA-1",0,9.21044036697652,0,0,0,0,0,0,0,0,0,0,0,0
"run2_TGCACCTTCCTTGACC-1",0,8.80502525261914,0,8.11202803831707,0,0,0,0,0,0,0,0,0,0
"run2_TGCCCTACACTATCTT-1",0,0,0,9.21044036697652,0,0,0,0,0,0,0,0,0,0
"run2_TGCGGGTTCCTTAATC-1",0,0,0,9.21044036697652,0,0,0,0,0,0,0,0,0,0
"run2_TGGCTGGTCAGGTTCA-1",0,8.11202803831707,0,8.5173931714189,0,0,0,0,0,7.4191807228201,0,0,0,0
"run2_TGGGAAGGTTCTCATT-1",0,0,0,9.21044036697652,0,0,0,0,0,0,0,0,0,0
"run2_TTAACTCGTGGTTTCA-1",0,9.21044036697652,0,0,0,0,0,0,0,0,0,0,0,0
"run2_TTATGCTAGTTATCGC-1",0,8.11202803831707,0,8.80502525261914,0,0,0,0,0,0,0,0,0,0
"run2_TTCGGTCAGATGTAAC-1",0,0,0,9.21044036697652,0,0,0,0,0,0,0,0,0,0
"run2_TTCGGTCTCACTGGGC-1",0,9.21044036697652,0,0,0,0,0,0,0,0,0,0,0,0
"run2_TTCTACAGTGGTCCGT-1",0,9.21044036697652,0,0,0,0,0,0,0,0,0,0,0,0
"run2_TTCTACATCATGTGGT-1",0,0,0,8.5173931714189,0,0,0,0,0,0,0,0,0,8.5173931714189
"run2_TTCTCAATCTCTTGAT-1",0,0,0,9.21044036697652,0,0,0,0,0,0,0,0,0,0
"run2_TTGGAACTCGGTCCGA-1",0,9.21044036697652,0,0,0,0,0,0,0,0,0,0,0,0
"run2_TTTACTGGTTCAGGCC-1",0,9.21044036697652,0,0,0,0,0,0,0,0,0,0,0,0
"run2_TTTACTGTCCGTAGGC-1",0,0,0,0,0,0,0,0,0,0,9.21044036697652,0,0,0
"run2_TTTGGTTAGCTGATAA-1",0,0,0,9.21044036697652,0,0,0,0,0,0,0,0,0,0
"run2_TTTGGTTTCAGTTTGG-1",7.82444593087762,7.82444593087762,0,7.82444593087762,0,0,0,0,0,0,7.82444593087762,0,0,0
"run1_AAACCTGTCTACTATC-1",0,9.21044036697652,0,0,0,0,0,0,0,0,0,0,0,0
"run1_ACGAGGATCAAGGCTT-1",0,9.21044036697652,0,0,0,0,0,0,0,0,0,0,0,0
"run1_ACTGAACTCACCCGAG-1",0,0,9.21044036697652,0,0,0,0,0,0,0,0,0,0,0
"run1_AGATCTGGTCTTCGTC-1",0,0,0,9.21044036697652,0,0,0,0,0,0,0,0,0,0
"run1_AGCTTGACACACAGAG-1",0,9.21044036697652,0,0,0,0,0,0,0,0,0,0,0,0
"run1_AGGCCACTCGTGGACC-1",0,0,0,0,0,0,0,0,0,9.21044036697652,0,0,0,0
"run1_AGTGAGGCACAACTGT-1",0,0,0,0,0,0,0,0,0,0,0,0,0,9.21044036697652
"run1_ATCCACCTCAAGGCTT-1",0,0,0,9.21044036697652,0,0,0,0,0,0,0,0,0,0
"run1_ATCTACTGTGATGTCT-1",0,0,0,9.21044036697652,0,0,0,0,0,0,0,0,0,0
"run1_ATGAGGGGTCTCTTTA-1",0,0,0,9.21044036697652,0,0,0,0,0,0,0,0,0,0
"run1_ATGAGGGGTGGTTTCA-1",0,0,0,0,0,0,0,0,0,0,0,0,0,9.21044036697652
"run1_CAACTAGGTCGACTAT-1",0,9.21044036697652,0,0,0,0,0,0,0,0,0,0,0,0
"run1_CACATAGCACATAACC-1",0,0,9.21044036697652,0,0,0,0,0,0,0,0,0,0,0
"run1_CACCAGGGTTCCGGCA-1",0,0,9.21044036697652,0,0,0,0,0,0,0,0,0,0,0
"run1_CCCAGTTGTCTAGGTT-1",0,0,0,0,0,0,0,0,0,0,0,0,0,9.21044036697652
"run1_CGATGGCAGTTACCCA-1",0,0,0,0,0,0,0,0,0,0,0,0,0,9.21044036697652
"run1_CGCGTTTAGGATGTAT-1",0,9.21044036697652,0,0,0,0,0,0,0,0,0,0,0,0
"run1_CGCGTTTCACCGCTAG-1",0,0,9.21044036697652,0,0,0,0,0,0,0,0,0,0,0
"run1_CGCTTCAGTCTAGGTT-1",0,0,0,9.21044036697652,0,0,0,0,0,0,0,0,0,0
"run1_CGTCAGGCAGCGTTCG-1",0,9.21044036697652,0,0,0,0,0,0,0,0,0,0,0,0
"run1_CGTTGGGGTTACGTCA-1",0,0,9.21044036697652,0,0,0,0,0,0,0,0,0,0,0
"run1_CTCGGAGTCAAACGGG-1",0,0,0,9.21044036697652,0,0,0,0,0,0,0,0,0,0
"run1_CTCGGAGTCTCTAGGA-1",0,0,0,9.21044036697652,0,0,0,0,0,0,0,0,0,0
"run1_CTCTAATGTCTCGTTC-1",0,0,0,9.21044036697652,0,0,0,0,0,0,0,0,0,0
"run1_GAACGGATCCTTGGTC-1",0,0,0,0,0,0,0,0,0,0,0,0,9.21044036697652,0
"run1_GATGCTAGTTAAGGGC-1",0,0,0,9.21044036697652,0,0,0,0,0,0,0,0,0,0
"run1_GATGCTATCATGCTCC-1",0,0,0,0,0,0,0,0,0,0,0,0,0,9.21044036697652
"run1_GCAAACTGTTTGGCGC-1",0,0,0,9.21044036697652,0,0,0,0,0,0,0,0,0,0
"run1_GCACATAAGCGATTCT-1",0,8.11202803831707,0,8.80502525261914,0,0,0,0,0,0,0,0,0,0
"run1_GCACATAGTGATGTCT-1",0,9.21044036697652,0,0,0,0,0,0,0,0,0,0,0,0
"run1_GCGCCAAGTCCGTGAC-1",0,0,0,9.21044036697652,0,0,0,0,0,0,0,0,0,0
"run1_GGAACTTTCTCAACTT-1",0,0,0,9.21044036697652,0,0,0,0,0,0,0,0,0,0
"run1_GGGAGATTCACTGGGC-1",0,9.21044036697652,0,0,0,0,0,0,0,0,0,0,0,0
"run1_GGGAGATTCCAAACTG-1",0,8.5173931714189,0,8.5173931714189,0,0,0,0,0,0,0,0,0,0
"run1_GGTATTGCACTATCTT-1",0,9.21044036697652,0,0,0,0,0,0,0,0,0,0,0,0
"run1_GTAACGTTCAAGGCTT-1",0,0,0,0,0,0,0,0,0,0,0,0,0,9.21044036697652
"run1_GTACTCCTCAAAGACA-1",0,9.21044036697652,0,0,0,0,0,0,0,0,0,0,0,0
"run1_GTATCTTGTCTGGTCG-1",0,9.21044036697652,0,0,0,0,0,0,0,0,0,0,0,0
"run1_TATCTCAGTTTGACTG-1",0,9.21044036697652,0,0,0,0,0,0,0,0,0,0,0,0
"run1_TATCTCATCTACTATC-1",0,0,0,9.21044036697652,0,0,0,0,0,0,0,0,0,0
"run1_TCAGATGTCACGAAGG-1",0,0,0,9.21044036697652,0,0,0,0,0,0,0,0,0,0
"run1_TCGCGAGAGGCTCTTA-1",0,0,0,9.21044036697652,0,0,0,0,0,0,0,0,0,0
"run1_TCTCATAAGTGTACTC-1",0,9.21044036697652,0,0,0,0,0,0,0,0,0,0,0,0
"run1_TCTCTAAGTCCGCTGA-1",0,0,9.21044036697652,0,0,0,0,0,0,0,0,0,0,0
"run1_TGAGAGGTCTAACTGG-1",0,8.5173931714189,0,8.5173931714189,0,0,0,0,0,0,0,0,0,0
"run1_TGATTTCGTCGGATCC-1",0,0,0,9.21044036697652,0,0,0,0,0,0,0,0,0,0
"run1_TGCACCTTCACAACGT-1",9.21044036697652,0,0,0,0,0,0,0,0,0,0,0,0,0
"run1_TGGACGCAGGCTATCT-1",0,9.21044036697652,0,0,0,0,0,0,0,0,0,0,0,0
"run1_TTCTCAACAGGCGATA-1",0,0,0,9.21044036697652,0,0,0,0,0,0,0,0,0,0
"run1_TTTGGTTGTAAGTTCC-1",0,0,0,0,0,0,0,0,0,0,0,0,0,9.21044036697652
"run3_AAACCTGTCTGCGACG-1",0,0,0,9.21044036697652,0,0,0,0,0,0,0,0,0,0
"run3_AAACGGGTCTAACTGG-1",0,9.21044036697652,0,0,0,0,0,0,0,0,0,0,0,0
"run3_AAAGCAAGTCATATGC-1",0,0,0,0,0,0,0,0,0,0,0,0,0,9.21044036697652
"run3_AAAGCAATCATCACCC-1",0,0,0,0,0,0,0,9.21044036697652,0,0,0,0,0,0
"run3_AAATGCCAGCCAGTTT-1",0,9.21044036697652,0,0,0,0,0,0,0,0,0,0,0,0
"run3_AAATGCCTCATGGTCA-1",0,0,0,9.21044036697652,0,0,0,0,0,0,0,0,0,0
"run3_AACACGTGTCTACCTC-1",0,9.21044036697652,0,0,0,0,0,0,0,0,0,0,0,0
"run3_AACCATGCACCATCCT-1",0,0,7.82444593087762,8.5173931714189,0,0,0,7.82444593087762,0,0,0,0,0,0
"run3_AACTGGTGTGCAGGTA-1",0,8.22977775008189,0,8.5173931714189,0,0,0,0,0,0,0,0,0,7.13169851046691
"run3_AACTTTCCAAGAAGAG-1",0,0,0,0,0,0,0,0,0,0,0,0,0,9.21044036697652
"run3_AAGACCTCACAACTGT-1",0,0,0,9.21044036697652,0,0,0,0,0,0,0,0,0,0
"run3_AAGGTTCTCCTGCCAT-1",0,0,0,9.21044036697652,0,0,0,0,0,0,0,0,0,0
"run3_ACACCAACAACTTGAC-1",0,9.21044036697652,0,0,0,0,0,0,0,0,0,0,0,0
"run3_ACACTGACAGGACCCT-1",0,0,0,9.21044036697652,0,0,0,0,0,0,0,0,0,0
"run3_ACCTTTACAAGAAGAG-1",0,8.5173931714189,0,8.5173931714189,0,0,0,0,0,0,0,0,0,0
"run3_ACCTTTAGTATGAATG-1",0,8.5173931714189,8.5173931714189,0,0,0,0,0,0,0,0,0,0,0
"run3_ACCTTTATCGGTTCGG-1",0,0,9.21044036697652,0,0,0,0,0,0,0,0,0,0,0
"run3_ACGCCGACACATGACT-1",0,8.98732181285012,0,7.60140233458373,0,0,0,0,0,0,0,0,0,0
"run3_ACGCCGACATCTATGG-1",0,9.21044036697652,0,0,0,0,0,0,0,0,0,0,0,0
"run3_ACGGAGACATCATCCC-1",0,0,0,9.21044036697652,0,0,0,0,0,0,0,0,0,0
"run3_ACGGGCTGTTCAGACT-1",0,0,7.82444593087762,8.92279162396964,0,0,0,0,0,0,0,0,0,0
"run3_ACGGGTCAGCTACCGC-1",0,0,0,9.21044036697652,0,0,0,0,0,0,0,0,0,0
"run3_ACTATCTTCCGTAGTA-1",0,0,0,9.21044036697652,0,0,0,0,0,0,0,0,0,0
"run3_ACTTACTCAGACAAAT-1",0,8.89202413140539,6.81354449462111,7.50614212854319,0,0,0,0,0,0,0,0,0,0
"run3_ACTTACTGTCTCTCTG-1",0,8.80502525261914,7.0140153898828,7.70671287398027,0,0,0,0,0,0,0,0,0,0
"run3_ACTTACTGTGGTGTAG-1",0,9.21044036697652,0,0,0,0,0,0,0,0,0,0,0,0
"run3_ACTTTCAGTCCTGCTT-1",0,8.5173931714189,0,8.5173931714189,0,0,0,0,0,0,0,0,0,0
"run3_AGAGCGATCCCAAGAT-1",0,9.21044036697652,0,0,0,0,0,0,0,0,0,0,0,0
"run3_AGAGTGGAGTTAGCGG-1",0,9.21044036697652,0,0,0,0,0,0,0,0,0,0,0,0
"run3_AGATCTGCAGCTGGCT-1",0,0,0,9.21044036697652,0,0,0,0,0,0,0,0,0,0
"run3_AGATCTGTCTCAAGTG-1",0,8.5173931714189,0,8.5173931714189,0,0,0,0,0,0,0,0,0,0
"run3_AGATTGCTCCAGTATG-1",0,0,0,9.21044036697652,0,0,0,0,0,0,0,0,0,0
"run3_AGCTCCTTCGCCCTTA-1",0,8.5173931714189,0,8.5173931714189,0,0,0,0,0,0,0,0,0,0
"run3_AGCTCTCCACCTCGGA-1",0,9.21044036697652,0,0,0,0,0,0,0,0,0,0,0,0
"run3_AGCTCTCTCAACACTG-1",0,0,0,9.21044036697652,0,0,0,0,0,0,0,0,0,0
"run3_AGGCCACGTCTAGTGT-1",0,0,0,0,0,0,0,0,0,9.21044036697652,0,0,0,0
"run3_AGGTCCGCAGGTCTCG-1",0,9.21044036697652,0,0,0,0,0,0,0,0,0,0,0,0
"run3_AGTAGTCTCCAGTAGT-1",0,9.21044036697652,0,0,0,0,0,0,0,0,0,0,0,0
"run3_ATAACGCTCGCCGTGA-1",0,8.5173931714189,8.5173931714189,0,0,0,0,0,0,0,0,0,0,0
"run3_ATCACGATCTTCTGGC-1",0,9.21044036697652,0,0,0,0,0,0,0,0,0,0,0,0
"run3_ATCATGGAGGTGCACA-1",0,0,0,9.21044036697652,0,0,0,0,0,0,0,0,0,0
"run3_ATCATGGGTTCCACAA-1",0,0,0,9.21044036697652,0,0,0,0,0,0,0,0,0,0
"run3_ATCTACTCAAGCCTAT-1",0,0,0,9.21044036697652,0,0,0,0,0,0,0,0,0,0
"run3_ATCTACTTCGAGGTAG-1",0,0,0,0,0,0,0,0,0,0,0,0,0,9.21044036697652
"run3_ATGAGGGAGGAGTCTG-1",0,9.21044036697652,0,0,0,0,0,0,0,0,0,0,0,0
"run3_ATGCGATGTGCAGACA-1",0,9.21044036697652,0,0,0,0,0,0,0,0,0,0,0,0
"run3_ATTATCCTCTGAGTGT-1",0,0,0,9.21044036697652,0,0,0,0,0,0,0,0,0,0
"run3_ATTCTACCATAACCTG-1",0,0,0,8.80502525261914,0,0,0,0,0,0,0,0,0,8.11202803831707
"run3_CAACCAAAGATAGCAT-1",0,9.21044036697652,0,0,0,0,0,0,0,0,0,0,0,0
"run3_CAAGATCCAAATACAG-1",0,8.80502525261914,0,8.11202803831707,0,0,0,0,0,0,0,0,0,0
"run3_CAAGATCGTATAGGGC-1",0,0,0,9.21044036697652,0,0,0,0,0,0,0,0,0,0
"run3_CAAGTTGCACGAAATA-1",0,8.5173931714189,0,8.5173931714189,0,0,0,0,0,0,0,0,0,0
"run3_CACAAACCATGAAGTA-1",0,0,9.21044036697652,0,0,0,0,0,0,0,0,0,0,0
"run3_CACAAACGTCGGGTCT-1",0,0,0,9.21044036697652,0,0,0,0,0,0,0,0,0,0
"run3_CACATAGAGTACTTGC-1",0,0,8.5173931714189,8.5173931714189,0,0,0,0,0,0,0,0,0,0
"run3_CACATTTCATATGGTC-1",0,0,8.5173931714189,8.5173931714189,0,0,0,0,0,0,0,0,0,0
"run3_CACCACTCACTACAGT-1",0,0,0,9.21044036697652,0,0,0,0,0,0,0,0,0,0
"run3_CACCACTGTCGTCTTC-1",0,8.5173931714189,0,8.5173931714189,0,0,0,0,0,0,0,0,0,0
"run3_CACTCCATCATTCACT-1",0,7.82444593087762,8.5173931714189,7.82444593087762,0,0,0,0,0,0,0,0,0,0
"run3_CAGAATCAGACTGTAA-1",0,0,0,9.21044036697652,0,0,0,0,0,0,0,0,0,0
"run3_CAGCAGCCATCCTTGC-1",0,8.5173931714189,8.5173931714189,0,0,0,0,0,0,0,0,0,0,0
"run3_CAGCCGACAGACGTAG-1",0,0,0,0,0,0,0,0,0,0,0,0,0,9.21044036697652
"run3_CAGCTGGAGGACTGGT-1",0,8.11202803831707,0,8.80502525261914,0,0,0,0,0,0,0,0,0,0
"run3_CAGTCCTCACTATCTT-1",0,9.21044036697652,0,0,0,0,0,0,0,0,0,0,0,0
"run3_CATATGGCAATTGCTG-1",0,0,9.21044036697652,0,0,0,0,0,0,0,0,0,0,0
"run3_CATATGGTCCGCAAGC-1",0,9.21044036697652,0,0,0,0,0,0,0,0,0,0,0,0
"run3_CATCAAGTCCGCATCT-1",0,0,9.21044036697652,0,0,0,0,0,0,0,0,0,0,0
"run3_CATCAGAGTTCACCTC-1",0,0,9.21044036697652,0,0,0,0,0,0,0,0,0,0,0
"run3_CATCCACAGGTCATCT-1",0,0,0,9.21044036697652,0,0,0,0,0,0,0,0,0,0
"run3_CATCGAAGTCCCGACA-1",0,0,0,0,0,0,0,0,0,0,9.21044036697652,0,0,0
"run3_CATGACAGTAGCGATG-1",0,9.21044036697652,0,0,0,0,0,0,0,0,0,0,0,0
"run3_CATTATCGTTGACGTT-1",0,8.11202803831707,7.4191807228201,8.5173931714189,0,0,0,0,0,0,0,0,0,0
"run3_CCAATCCTCAGCTGGC-1",0,7.82444593087762,8.22977775008189,8.22977775008189,0,0,0,0,0,0,0,0,0,0
"run3_CCCAATCTCTGTTTGT-1",0,8.5173931714189,0,8.5173931714189,0,0,0,0,0,0,0,0,0,0
"run3_CCCAGTTAGCTTTGGT-1",0,9.21044036697652,0,0,0,0,0,0,0,0,0,0,0,0
"run3_CCCTCCTCACTATCTT-1",0,0,9.21044036697652,0,0,0,0,0,0,0,0,0,0,0
"run3_CCCTCCTTCCGTTGTC-1",0,8.36327581770432,0,8.65089956873005,0,0,0,0,0,0,0,0,0,0
"run3_CCGGGATCATGCCTTC-1",0,0,0,9.21044036697652,0,0,0,0,0,0,0,0,0,0
"run3_CCGTACTCAACTGGCC-1",0,8.5173931714189,0,8.5173931714189,0,0,0,0,0,0,0,0,0,0
"run3_CCGTTCACAAGCGCTC-1",0,0,0,9.21044036697652,0,0,0,0,0,0,0,0,0,0
"run3_CCTAGCTAGACTAGAT-1",0,0,0,8.5173931714189,0,0,0,0,0,0,0,0,0,8.5173931714189
"run3_CCTCAGTGTTCTGTTT-1",0,9.21044036697652,0,0,0,0,0,0,0,0,0,0,0,0
"run3_CCTCTGACACCCTATC-1",0,8.11202803831707,0,8.11202803831707,0,0,0,8.11202803831707,0,0,0,0,0,0
"run3_CCTCTGATCTTACCGC-1",0,7.26512997803514,7.9579273422451,8.65089956873005,0,0,0,0,0,0,0,0,0,0
"run3_CGAACATAGGCTCATT-1",0,8.69968140098951,0,8.29429960885724,0,0,0,0,0,0,0,0,0,0
"run3_CGAACATCAGAAGCAC-1",0,0,9.21044036697652,0,0,0,0,0,0,0,0,0,0,0
"run3_CGAATGTTCGCCGTGA-1",0,9.21044036697652,0,0,0,0,0,0,0,0,0,0,0,0
"run3_CGACCTTGTTACAGAA-1",0,8.11202803831707,8.5173931714189,7.4191807228201,0,0,0,0,0,0,0,0,0,0
"run3_CGAGAAGAGTGGGTTG-1",0,9.21044036697652,0,0,0,0,0,0,0,0,0,0,0,0
"run3_CGATGTAGTACTTCTT-1",0,9.21044036697652,0,0,0,0,0,0,0,0,0,0,0,0
"run3_CGATTGACACCAGCAC-1",0,8.5173931714189,0,8.5173931714189,0,0,0,0,0,0,0,0,0,0
"run3_CGCTGGAGTAATCACC-1",0,0,0,9.21044036697652,0,0,0,0,0,0,0,0,0,0
"run3_CGCTGGAGTTGCTCCT-1",0,8.80502525261914,0,8.11202803831707,0,0,0,0,0,0,0,0,0,0
"run3_CGCTTCACACCGTTGG-1",0,9.21044036697652,0,0,0,0,0,0,0,0,0,0,0,0
"run3_CGGACGTCAGGTGGAT-1",0,8.5173931714189,0,8.5173931714189,0,0,0,0,0,0,0,0,0,0
"run3_CGGACGTGTAAATGTG-1",0,8.5173931714189,0,8.5173931714189,0,0,0,0,0,0,0,0,0,0
"run3_CGGAGTCAGCTAACAA-1",0,0,0,9.21044036697652,0,0,0,0,0,0,0,0,0,0
"run3_CGGAGTCTCGAATGGG-1",0,8.5173931714189,0,8.5173931714189,0,0,0,0,0,0,0,0,0,0
"run3_CGTAGGCAGCTAGTTC-1",0,9.21044036697652,0,0,0,0,0,0,0,0,0,0,0,0
"run3_CGTCTACCACTGAAGG-1",0,0,9.21044036697652,0,0,0,0,0,0,0,0,0,0,0
"run3_CTAATGGAGGATGCGT-1",0,0,0,0,0,0,0,0,0,0,0,0,0,9.21044036697652
"run3_CTACGTCCATTCGACA-1",0,0,0,0,0,0,0,9.21044036697652,0,0,0,0,0,0
"run3_CTAGAGTCAAGTACCT-1",0,9.21044036697652,0,0,0,0,0,0,0,0,0,0,0,0
"run3_CTAGAGTCAGCCTGTG-1",0,0,8.80502525261914,8.11202803831707,0,0,0,0,0,0,0,0,0,0
"run3_CTCAGAAAGGTGCAAC-1",0,0,8.5173931714189,8.5173931714189,0,0,0,0,0,0,0,0,0,0
"run3_CTCAGAAGTATATGGA-1",0,9.21044036697652,0,0,0,0,0,0,0,0,0,0,0,0
"run3_CTCATTAAGCCACTAT-1",0,0,9.21044036697652,0,0,0,0,0,0,0,0,0,0,0
"run3_CTCGAAAAGTGGCACA-1",0,0,8.5173931714189,8.5173931714189,0,0,0,0,0,0,0,0,0,0
"run3_CTCGAGGGTATCAGTC-1",0,8.80502525261914,0,8.11202803831707,0,0,0,0,0,0,0,0,0,0
"run3_CTCGGGAAGTGCGTGA-1",0,9.21044036697652,0,0,0,0,0,0,0,0,0,0,0,0
"run3_CTCGTACAGCACAGGT-1",0,8.98732181285012,0,7.60140233458373,0,0,0,0,0,0,0,0,0,0
"run3_CTCTACGGTCATCCCT-1",0,8.80502525261914,0,8.11202803831707,0,0,0,0,0,0,0,0,0,0
"run3_CTCTGGTCAAGGTTCT-1",0,8.5173931714189,0,8.5173931714189,0,0,0,0,0,0,0,0,0,0
"run3_CTGAAGTCACATCCGG-1",0,9.21044036697652,0,0,0,0,0,0,0,0,0,0,0,0
"run3_CTGAAGTGTATGCTTG-1",0,0,0,9.21044036697652,0,0,0,0,0,0,0,0,0,0
"run3_CTGCTGTTCGTAGGTT-1",0,8.5173931714189,8.5173931714189,0,0,0,0,0,0,0,0,0,0,0
"run3_CTGTTTAAGCCTCGTG-1",0,9.21044036697652,0,0,0,0,0,0,0,0,0,0,0,0
"run3_CTTAACTTCCGTTGTC-1",0,8.5173931714189,0,8.5173931714189,0,0,0,0,0,0,0,0,0,0
"run3_CTTGGCTGTACTTAGC-1",0,9.21044036697652,0,0,0,0,0,0,0,0,0,0,0,0
"run3_CTTTGCGGTCTACCTC-1",0,7.82444593087762,7.82444593087762,7.82444593087762,0,0,0,7.82444593087762,0,0,0,0,0,0
"run3_GAATGAATCTGATTCT-1",0,0,9.21044036697652,0,0,0,0,0,0,0,0,0,0,0
"run3_GACACGCTCCATGAGT-1",0,0,9.21044036697652,0,0,0,0,0,0,0,0,0,0,0
"run3_GACAGAGAGCTAGTTC-1",0,8.5173931714189,0,8.5173931714189,0,0,0,0,0,0,0,0,0,0
"run3_GACGTTAGTACCGCTG-1",0,0,0,0,0,0,0,0,0,0,0,0,0,9.21044036697652
"run3_GACTACAGTGTCGCTG-1",0,9.21044036697652,0,0,0,0,0,0,0,0,0,0,0,0
"run3_GAGGTGACATTTGCTT-1",0,9.21044036697652,0,0,0,0,0,0,0,0,0,0,0,0
"run3_GATCGATAGAGCCTAG-1",0,8.11202803831707,8.5173931714189,7.4191807228201,0,0,0,0,0,0,0,0,0,0
"run3_GATGAAACACCTTGTC-1",0,9.21044036697652,0,0,0,0,0,0,0,0,0,0,0,0
"run3_GCACTCTGTCGTCTTC-1",0,9.21044036697652,0,0,0,0,0,0,0,0,0,0,0,0
"run3_GCAGTTAGTTGCTCCT-1",0,8.69968140098951,7.60140233458373,7.60140233458373,0,0,0,0,0,0,0,0,0,0
"run3_GCATACAGTCTAGTCA-1",0,8.5173931714189,0,8.5173931714189,0,0,0,0,0,0,0,0,0,0
"run3_GCATGATGTGTAAGTA-1",0,8.80502525261914,0,8.11202803831707,0,0,0,0,0,0,0,0,0,0
"run3_GCATGCGGTCCAGTTA-1",0,0,0,9.21044036697652,0,0,0,0,0,0,0,0,0,0
"run3_GCGACCAAGTGTACCT-1",0,8.5173931714189,0,8.5173931714189,0,0,0,0,0,0,0,0,0,0
"run3_GCGACCAGTAAACACA-1",0,0,0,9.21044036697652,0,0,0,0,0,0,0,0,0,0
"run3_GCGAGAACATACGCCG-1",0,8.11202803831707,0,8.80502525261914,0,0,0,0,0,0,0,0,0,0
"run3_GCGCAACCAATGAATG-1",0,0,9.21044036697652,0,0,0,0,0,0,0,0,0,0,0
"run3_GCGCAACTCGCATGGC-1",0,9.21044036697652,0,0,0,0,0,0,0,0,0,0,0,0
"run3_GCGCCAAAGTGAACGC-1",0,0,0,9.21044036697652,0,0,0,0,0,0,0,0,0,0
"run3_GCGGGTTGTTTACTCT-1",0,9.21044036697652,0,0,0,0,0,0,0,0,0,0,0,0
"run3_GCTCTGTCAGCGATCC-1",0,0,0,9.21044036697652,0,0,0,0,0,0,0,0,0,0
"run3_GCTGCGATCACGAAGG-1",0,9.21044036697652,0,0,0,0,0,0,0,0,0,0,0,0
"run3_GCTGCTTAGGGTCTCC-1",0,0,0,9.21044036697652,0,0,0,0,0,0,0,0,0,0
"run3_GCTGCTTAGTGCTGCC-1",0,0,0,9.21044036697652,0,0,0,0,0,0,0,0,0,0
"run3_GCTGGGTGTAGCGATG-1",0,0,0,9.21044036697652,0,0,0,0,0,0,0,0,0,0
"run3_GCTGGGTTCATTGCCC-1",8.11202803831707,0,0,8.80502525261914,0,0,0,0,0,0,0,0,0,0
"run3_GGAATAACAGGTGGAT-1",0,0,0,9.21044036697652,0,0,0,0,0,0,0,0,0,0
"run3_GGAATAATCCAAACAC-1",0,9.21044036697652,0,0,0,0,0,0,0,0,0,0,0,0
"run3_GGACAAGTCCTTTACA-1",0,0,0,0,0,0,0,0,0,9.21044036697652,0,0,0,0
"run3_GGACATTCATCTGGTA-1",0,0,0,9.21044036697652,0,0,0,0,0,0,0,0,0,0
"run3_GGACATTGTTCCCTTG-1",0,8.5173931714189,0,8.5173931714189,0,0,0,0,0,0,0,0,0,0
"run3_GGATTACCAGCTGGCT-1",0,0,0,9.21044036697652,0,0,0,0,0,0,0,0,0,0
"run3_GGATTACGTGTTCTTT-1",0,0,0,9.21044036697652,0,0,0,0,0,0,0,0,0,0
"run3_GGCAATTCAAACGTGG-1",0,8.98732181285012,0,7.60140233458373,0,0,0,0,0,0,0,0,0,0
"run3_GGCGACTCAGGGTACA-1",0,9.21044036697652,0,0,0,0,0,0,0,0,0,0,0,0
"run3_GGCTCGAAGTTCCACA-1",0,9.21044036697652,0,0,0,0,0,0,0,0,0,0,0,0
"run3_GGCTGGTGTATCGCAT-1",0,9.21044036697652,0,0,0,0,0,0,0,0,0,0,0,0
"run3_GGCTGGTTCACTCTTA-1",0,9.21044036697652,0,0,0,0,0,0,0,0,0,0,0,0
"run3_GGGATGAAGGTGTGGT-1",0,9.21044036697652,0,0,0,0,0,0,0,0,0,0,0,0
"run3_GGGCACTAGTGGAGTC-1",0,9.21044036697652,0,0,0,0,0,0,0,0,0,0,0,0
"run3_GGGTCTGGTAGGAGTC-1",0,9.21044036697652,0,0,0,0,0,0,0,0,0,0,0,0
"run3_GTACTCCAGCACACAG-1",0,8.5173931714189,8.5173931714189,0,0,0,0,0,0,0,0,0,0,0
"run3_GTAGTCACAAGTTCTG-1",0,8.7309288171299,6.16791573233491,8.11202803831707,0,0,0,0,0,0,0,0,0,0
"run3_GTCAAGTTCAAACCAC-1",0,8.92279162396964,0,7.82444593087762,0,0,0,0,0,0,0,0,0,0
"run3_GTCACGGAGACGACGT-1",0,0,8.5173931714189,8.5173931714189,0,0,0,0,0,0,0,0,0,0
"run3_GTCCTCAGTGAGTGAC-1",0,8.5173931714189,0,0,0,0,0,0,0,8.5173931714189,0,0,0,0
"run3_GTCTCGTGTCTGCGGT-1",0,9.21044036697652,0,0,0,0,0,0,0,0,0,0,0,0
"run3_GTGCTTCGTTTCGCTC-1",0,9.21044036697652,0,0,0,0,0,0,0,0,0,0,0,0
"run3_GTGTGCGAGTGTACTC-1",9.21044036697652,0,0,0,0,0,0,0,0,0,0,0,0,0
"run3_GTGTGCGTCTACTCAT-1",0,8.5173931714189,0,8.5173931714189,0,0,0,0,0,0,0,0,0,0
"run3_GTGTTAGAGCTCAACT-1",0,9.21044036697652,0,0,0,0,0,0,0,0,0,0,0,0
"run3_GTGTTAGAGTAGCGGT-1",0,0,0,9.21044036697652,0,0,0,0,0,0,0,0,0,0
"run3_GTTACAGAGGATCGCA-1",0,0,8.80502525261914,8.11202803831707,0,0,0,0,0,0,0,0,0,0
"run3_TAAACCGGTGGAAAGA-1",0,0,0,9.21044036697652,0,0,0,0,0,0,0,0,0,0
"run3_TAAACCGGTTACCGAT-1",0,0,9.21044036697652,0,0,0,0,0,0,0,0,0,0,0
"run3_TACCTATAGGCATGTG-1",0,9.21044036697652,0,0,0,0,0,0,0,0,0,0,0,0
"run3_TACCTATCACATGACT-1",0,8.11202803831707,0,8.80502525261914,0,0,0,0,0,0,0,0,0,0
"run3_TACGGGCTCCATGAAC-1",0,0,0,9.21044036697652,0,0,0,0,0,0,0,0,0,0
"run3_TACGGTAGTACTCTCC-1",0,0,0,8.92279162396964,0,0,0,0,0,0,7.82444593087762,0,0,0
"run3_TACGGTAGTATGCTTG-1",0,9.21044036697652,0,0,0,0,0,0,0,0,0,0,0,0
"run3_TACTTACCACACTGCG-1",0,9.21044036697652,0,0,0,0,0,0,0,0,0,0,0,0
"run3_TACTTGTAGACACGAC-1",0,9.21044036697652,0,0,0,0,0,0,0,0,0,0,0,0
"run3_TAGACCAGTTTCGCTC-1",0,0,0,9.21044036697652,0,0,0,0,0,0,0,0,0,0
"run3_TAGAGCTCAGCAGTTT-1",0,9.21044036697652,0,0,0,0,0,0,0,0,0,0,0,0
"run3_TAGGCATCACGGCCAT-1",0,8.5173931714189,8.5173931714189,0,0,0,0,0,0,0,0,0,0,0
"run3_TAGGCATTCACCGTAA-1",0,9.21044036697652,0,0,0,0,0,0,0,0,0,0,0,0
"run3_TATCTCAAGATCGATA-1",0,0,0,9.21044036697652,0,0,0,0,0,0,0,0,0,0
"run3_TATCTCAGTGCAACTT-1",0,8.5173931714189,0,8.5173931714189,0,0,0,0,0,0,0,0,0,0
"run3_TATCTCATCTGGTATG-1",0,8.11202803831707,0,8.80502525261914,0,0,0,0,0,0,0,0,0,0
"run3_TATGCCCGTATGCTTG-1",0,0,0,9.21044036697652,0,0,0,0,0,0,0,0,0,0
"run3_TCAACGAGTACTTGAC-1",0,0,0,9.21044036697652,0,0,0,0,0,0,0,0,0,0
"run3_TCAATCTGTCCGTGAC-1",0,8.5173931714189,8.11202803831707,7.4191807228201,0,0,0,0,0,0,0,0,0,0
"run3_TCACAAGGTGGCGAAT-1",0,8.5173931714189,0,0,0,0,0,0,0,0,0,0,8.5173931714189,0
"run3_TCAGGTAAGCCAGGAT-1",0,0,9.21044036697652,0,0,0,0,0,0,0,0,0,0,0
"run3_TCATTTGAGATAGGAG-1",0,9.21044036697652,0,0,0,0,0,0,0,0,0,0,0,0
"run3_TCGGTAAAGTGTACTC-1",0,9.21044036697652,0,0,0,0,0,0,0,0,0,0,0,0
"run3_TCGTAGAAGTCAATAG-1",0,0,9.21044036697652,0,0,0,0,0,0,0,0,0,0,0
"run3_TCTCATAAGTTTCCTT-1",0,8.5173931714189,0,7.82444593087762,0,0,0,7.82444593087762,0,0,0,0,0,0
"run3_TCTCTAAAGATCTGCT-1",0,9.21044036697652,0,0,0,0,0,0,0,0,0,0,0,0
"run3_TGACGGCCAGGTGCCT-1",0,0,9.21044036697652,0,0,0,0,0,0,0,0,0,0,0
"run3_TGACGGCTCAAACCGT-1",0,9.21044036697652,0,0,0,0,0,0,0,0,0,0,0,0
"run3_TGAGCCGCATTGTGCA-1",0,0,0,9.21044036697652,0,0,0,0,0,0,0,0,0,0
"run3_TGCGCAGGTGATAAGT-1",0,0,0,9.21044036697652,0,0,0,0,0,0,0,0,0,0
"run3_TGCGCAGTCTTCGGTC-1",0,0,0,9.21044036697652,0,0,0,0,0,0,0,0,0,0
"run3_TGCGTGGGTGCGATAG-1",0,0,0,9.21044036697652,0,0,0,0,0,0,0,0,0,0
"run3_TGTATTCGTGCGCTTG-1",0,9.21044036697652,0,0,0,0,0,0,0,0,0,0,0,0
"run3_TGTCCCAAGATCCGAG-1",0,0,0,9.21044036697652,0,0,0,0,0,0,0,0,0,0
"run3_TGTCCCAAGGTGGGTT-1",0,0,0,9.21044036697652,0,0,0,0,0,0,0,0,0,0
"run3_TGTGGTACAGACGCAA-1",0,9.21044036697652,0,0,0,0,0,0,0,0,0,0,0,0
"run3_TGTGTTTGTTGCGTTA-1",0,0,0,9.21044036697652,0,0,0,0,0,0,0,0,0,0
"run3_TTAGGCATCTCTTGAT-1",0,7.50614212854319,7.91142398730679,8.42210298741546,0,0,0,0,0,0,0,0,0,6.81354449462111
"run3_TTATGCTGTATCTGCA-1",0,9.21044036697652,0,0,0,0,0,0,0,0,0,0,0,0
"run3_TTCTACACACGTAAGG-1",0,9.21044036697652,0,0,0,0,0,0,0,0,0,0,0,0
"run3_TTGACTTTCCAAACAC-1",0,8.92279162396964,0,7.82444593087762,0,0,0,0,0,0,0,0,0,0
"run3_TTTGGTTGTCTCTTAT-1",0,9.21044036697652,0,0,0,0,0,0,0,0,0,0,0,0
"run3_TTTGGTTGTTACGTCA-1",8.11202803831707,8.11202803831707,0,8.11202803831707,0,0,0,0,0,0,0,0,0,0
"run4_AAACCTGTCCCTCAGT-1",0,0,0,9.21044036697652,0,0,0,0,0,0,0,0,0,0
"run4_AAAGATGAGTGTTAGA-1",0,9.21044036697652,0,0,0,0,0,0,0,0,0,0,0,0
"run4_AAAGATGTCATCTGCC-1",0,0,8.5173931714189,8.5173931714189,0,0,0,0,0,0,0,0,0,0
"run4_AAAGATGTCTAGCACA-1",0,9.21044036697652,0,0,0,0,0,0,0,0,0,0,0,0
"run4_AAAGCAAGTCTAAAGA-1",0,0,0,9.21044036697652,0,0,0,0,0,0,0,0,0,0
"run4_AAAGCAAGTTGTTTGG-1",0,9.21044036697652,0,0,0,0,0,0,0,0,0,0,0,0
"run4_AAATGCCTCTTCCTTC-1",0,0,0,0,0,0,0,0,0,0,9.21044036697652,0,0,0
"run4_AACTCAGCACATTTCT-1",0,8.5173931714189,0,0,0,0,0,0,0,0,0,0,0,8.5173931714189
"run4_AAGTCTGTCTCACATT-1",0,8.80502525261914,0,8.11202803831707,0,0,0,0,0,0,0,0,0,0
"run4_AATCCAGAGCACAGGT-1",0,0,9.21044036697652,0,0,0,0,0,0,0,0,0,0,0
"run4_ACACCAACAATTGCTG-1",0,8.5173931714189,7.82444593087762,7.82444593087762,0,0,0,0,0,0,0,0,0,0
"run4_ACACCCTGTATTCTCT-1",0,0,0,9.21044036697652,0,0,0,0,0,0,0,0,0,0
"run4_ACAGCCGTCTTCGAGA-1",0,9.21044036697652,0,0,0,0,0,0,0,0,0,0,0,0
"run4_ACAGCTAAGCTGTCTA-1",0,8.80502525261914,0,8.11202803831707,0,0,0,0,0,0,0,0,0,0
"run4_ACATACGGTTCCACGG-1",0,0,0,9.21044036697652,0,0,0,0,0,0,0,0,0,0
"run4_ACATCAGTCTTTACAC-1",0,8.5173931714189,8.5173931714189,0,0,0,0,0,0,0,0,0,0,0
"run4_ACCAGTACAGGACCCT-1",0,9.21044036697652,0,0,0,0,0,0,0,0,0,0,0,0
"run4_ACGAGGAAGCTGATAA-1",0,9.21044036697652,0,0,0,0,0,0,0,0,0,0,0,0
"run4_ACGATACCATACCATG-1",0,8.80502525261914,8.11202803831707,0,0,0,0,0,0,0,0,0,0,0
"run4_ACGCCAGCACGGACAA-1",0,8.5173931714189,0,8.5173931714189,0,0,0,0,0,0,0,0,0,0
"run4_ACGGCCAAGGGTTTCT-1",0,7.82444593087762,7.82444593087762,8.5173931714189,0,0,0,0,0,0,0,0,0,0
"run4_ACGGCCATCACGGTTA-1",0,8.11202803831707,8.11202803831707,8.11202803831707,0,0,0,0,0,0,0,0,0,0
"run4_ACGGGCTCAGCCTTTC-1",0,0,7.82444593087762,8.92279162396964,0,0,0,0,0,0,0,0,0,0
"run4_ACGGGCTTCCGTTGCT-1",0,9.21044036697652,0,0,0,0,0,0,0,0,0,0,0,0
"run4_ACTGAGTCACAGGTTT-1",0,8.80502525261914,0,0,0,0,0,8.11202803831707,0,0,0,0,0,0
"run4_AGACGTTGTTGGAGGT-1",0,0,9.21044036697652,0,0,0,0,0,0,0,0,0,0,0
"run4_AGATCTGTCAGCCTAA-1",0,0,0,9.21044036697652,0,0,0,0,0,0,0,0,0,0
"run4_AGCTCCTAGTGGAGTC-1",0,0,0,9.21044036697652,0,0,0,0,0,0,0,0,0,0
"run4_AGCTCTCAGATGCCTT-1",0,8.5173931714189,0,0,0,0,0,8.5173931714189,0,0,0,0,0,0
"run4_AGCTCTCTCTTGGGTA-1",0,9.21044036697652,0,0,0,0,0,0,0,0,0,0,0,0
"run4_AGGGTGATCTGCAAGT-1",0,0,9.21044036697652,0,0,0,0,0,0,0,0,0,0,0
"run4_AGGTCATCACGAAGCA-1",0,0,0,9.21044036697652,0,0,0,0,0,0,0,0,0,0
"run4_AGGTCATGTGATGTCT-1",0,0,0,9.21044036697652,0,0,0,0,0,0,0,0,0,0
"run4_AGTAGTCGTGAAGGCT-1",0,0,0,9.21044036697652,0,0,0,0,0,0,0,0,0,0
"run4_AGTGAGGAGTATTGGA-1",0,9.21044036697652,0,0,0,0,0,0,0,0,0,0,0,0
"run4_AGTGTCAGTCTCTTTA-1",0,0,0,9.21044036697652,0,0,0,0,0,0,0,0,0,0
"run4_AGTTGGTTCCCTTGTG-1",0,8.92279162396964,7.82444593087762,0,0,0,0,0,0,0,0,0,0,0
"run4_ATAAGAGAGCCACCTG-1",0,9.21044036697652,0,0,0,0,0,0,0,0,0,0,0,0
"run4_ATAGACCTCTCATTCA-1",0,8.11202803831707,0,8.80502525261914,0,0,0,0,0,0,0,0,0,0
"run4_ATCCACCTCAGTTTGG-1",6.90875477931522,8.00670084544037,6.90875477931522,8.29429960885724,0,0,0,0,0,0,0,0,0,6.90875477931522
"run4_ATCTACTCAGTGGGAT-1",0,9.21044036697652,0,0,0,0,0,0,0,0,0,0,0,0
"run4_ATCTGCCCATTACCTT-1",0,0,0,9.21044036697652,0,0,0,0,0,0,0,0,0,0
"run4_CAACCAACAATGGTCT-1",0,9.21044036697652,0,0,0,0,0,0,0,0,0,0,0,0
"run4_CAACCTCGTTACCGAT-1",0,9.21044036697652,0,0,0,0,0,0,0,0,0,0,0,0
"run4_CAAGGCCCAAGTACCT-1",0,0,9.21044036697652,0,0,0,0,0,0,0,0,0,0,0
"run4_CAAGGCCCAGTCAGCC-1",0,0,9.21044036697652,0,0,0,0,0,0,0,0,0,0,0
"run4_CACAAACCACCATGTA-1",0,9.21044036697652,0,0,0,0,0,0,0,0,0,0,0,0
"run4_CACACAAGTCTTCGTC-1",0,8.80502525261914,0,0,0,0,0,0,0,8.11202803831707,0,0,0,0
"run4_CACATAGGTCAGAGGT-1",0,9.21044036697652,0,0,0,0,0,0,0,0,0,0,0,0
"run4_CACCAGGTCCCAACGG-1",0,0,0,8.5173931714189,0,0,0,0,0,0,0,0,0,8.5173931714189
"run4_CAGCAGCCACAAGTAA-1",0,8.5173931714189,0,8.5173931714189,0,0,0,0,0,0,0,0,0,0
"run4_CAGCATATCACCCTCA-1",0,7.82444593087762,0,8.92279162396964,0,0,0,0,0,0,0,0,0,0
"run4_CAGCTAACACGGTTTA-1",0,9.21044036697652,0,0,0,0,0,0,0,0,0,0,0,0
"run4_CAGTAACGTGTGGCTC-1",0,0,9.21044036697652,0,0,0,0,0,0,0,0,0,0,0
"run4_CAGTCCTTCTCGCATC-1",0,9.21044036697652,0,0,0,0,0,0,0,0,0,0,0,0
"run4_CATATGGCAGGGTTAG-1",0,9.21044036697652,0,0,0,0,0,0,0,0,0,0,0,0
"run4_CATCCACGTCTAGCGC-1",0,9.21044036697652,0,0,0,0,0,0,0,0,0,0,0,0
"run4_CCAATCCGTTCGGGCT-1",0,9.21044036697652,0,0,0,0,0,0,0,0,0,0,0,0
"run4_CCATGTCAGATCCCGC-1",0,0,0,0,0,0,0,0,0,0,9.21044036697652,0,0,0
"run4_CCATGTCTCACCTTAT-1",0,0,0,9.21044036697652,0,0,0,0,0,0,0,0,0,0
"run4_CCATTCGCAAGGTTTC-1",0,8.11202803831707,0,8.80502525261914,0,0,0,0,0,0,0,0,0,0
"run4_CCGTACTGTCAGGACA-1",0,9.21044036697652,0,0,0,0,0,0,0,0,0,0,0,0
"run4_CCGTGGACATCAGTCA-1",0,0,0,9.21044036697652,0,0,0,0,0,0,0,0,0,0
"run4_CCGTGGATCGTTGCCT-1",0,8.39963513045115,0,8.11202803831707,0,0,0,0,0,0,0,0,7.0140153898828,7.0140153898828
"run4_CCGTTCAAGCAATATG-1",0,0,0,9.21044036697652,0,0,0,0,0,0,0,0,0,0
"run4_CCTACACGTGAGGGAG-1",0,0,0,9.21044036697652,0,0,0,0,0,0,0,0,0,0
"run4_CCTCAGTTCGTTTGCC-1",0,9.21044036697652,0,0,0,0,0,0,0,0,0,0,0,0
"run4_CGAATGTTCTGCGTAA-1",0,8.11202803831707,0,8.80502525261914,0,0,0,0,0,0,0,0,0,0
"run4_CGACCTTTCCAAACAC-1",0,0,0,9.21044036697652,0,0,0,0,0,0,0,0,0,0
"run4_CGACTTCTCCGGCACA-1",0,9.21044036697652,0,0,0,0,0,0,0,0,0,0,0,0
"run4_CGAGCACAGATATACG-1",0,0,0,9.21044036697652,0,0,0,0,0,0,0,0,0,0
"run4_CGATGTATCTTGCAAG-1",0,8.5173931714189,0,8.5173931714189,0,0,0,0,0,0,0,0,0,0
"run4_CGCCAAGGTGGTAACG-1",0,8.5173931714189,0,8.5173931714189,0,0,0,0,0,0,0,0,0,0
"run4_CGCGGTATCATAAAGG-1",0,9.21044036697652,0,0,0,0,0,0,0,0,0,0,0,0
"run4_CGGTTAACATTACCTT-1",0,9.21044036697652,0,0,0,0,0,0,0,0,0,0,0,0
"run4_CGGTTAATCACTTATC-1",0,0,9.21044036697652,0,0,0,0,0,0,0,0,0,0,0
"run4_CGTAGGCCACCGAAAG-1",0,0,0,9.21044036697652,0,0,0,0,0,0,0,0,0,0
"run4_CGTCCATAGTATTGGA-1",0,9.21044036697652,0,0,0,0,0,0,0,0,0,0,0,0
"run4_CGTCTACCACAGACTT-1",0,9.21044036697652,0,0,0,0,0,0,0,0,0,0,0,0
"run4_CGTGAGCTCATCGCTC-1",0,9.21044036697652,0,0,0,0,0,0,0,0,0,0,0,0
"run4_CGTTAGAAGGAGCGTT-1",0,0,0,9.21044036697652,0,0,0,0,0,0,0,0,0,0
"run4_CGTTCTGGTGGCCCTA-1",0,9.21044036697652,0,0,0,0,0,0,0,0,0,0,0,0
"run4_CTAAGACTCATGTGGT-1",0,9.21044036697652,0,0,0,0,0,0,0,0,0,0,0,0
"run4_CTACACCAGATGTCGG-1",0,0,9.21044036697652,0,0,0,0,0,0,0,0,0,0,0
"run4_CTACACCGTGGCCCTA-1",0,0,0,0,0,0,0,0,0,0,9.21044036697652,0,0,0
"run4_CTACATTCAGTAGAGC-1",0,9.21044036697652,0,0,0,0,0,0,0,0,0,0,0,0
"run4_CTACCCAAGCTCCTCT-1",0,0,9.21044036697652,0,0,0,0,0,0,0,0,0,0,0
"run4_CTCCTAGTCTATCCTA-1",0,9.21044036697652,0,0,0,0,0,0,0,0,0,0,0,0
"run4_CTCGAGGCAGCTCGAC-1",0,8.5173931714189,0,8.5173931714189,0,0,0,0,0,0,0,0,0,0
"run4_CTCGGAGTCACATACG-1",0,9.21044036697652,0,0,0,0,0,0,0,0,0,0,0,0
"run4_CTCGGGAAGTCGTACT-1",0,8.5173931714189,0,8.5173931714189,0,0,0,0,0,0,0,0,0,0
"run4_CTGAAACGTCGAATCT-1",0,9.21044036697652,0,0,0,0,0,0,0,0,0,0,0,0
"run4_CTGAAGTCACCTGGTG-1",0,8.98732181285012,0,7.60140233458373,0,0,0,0,0,0,0,0,0,0
"run4_CTGATCCTCTGATTCT-1",0,9.04340446214828,0,7.33918798391609,0,0,0,0,0,0,0,0,0,0
"run4_CTGCGGAGTCATGCAT-1",0,0,0,9.21044036697652,0,0,0,0,0,0,0,0,0,0
"run4_CTGCTGTCAGACGCCT-1",9.21044036697652,0,0,0,0,0,0,0,0,0,0,0,0,0
"run4_CTGTGCTTCATGCTCC-1",0,8.11202803831707,0,8.11202803831707,0,0,0,0,0,0,8.11202803831707,0,0,0
"run4_CTTACCGTCTCGCTTG-1",0,9.21044036697652,0,0,0,0,0,0,0,0,0,0,0,0
"run4_CTTAGGAGTCCGAATT-1",0,9.21044036697652,0,0,0,0,0,0,0,0,0,0,0,0
"run4_CTTCTCTGTCGACTAT-1",0,8.5173931714189,0,8.5173931714189,0,0,0,0,0,0,0,0,0,0
"run4_CTTGGCTCATCACCCT-1",0,0,0,9.21044036697652,0,0,0,0,0,0,0,0,0,0
"run4_GAAACTCCACTGCCAG-1",0,0,9.21044036697652,0,0,0,0,0,0,0,0,0,0,0
"run4_GAAATGATCGGAGGTA-1",0,9.21044036697652,0,0,0,0,0,0,0,0,0,0,0,0
"run4_GAACGGATCAGCCTAA-1",0,8.5173931714189,8.5173931714189,0,0,0,0,0,0,0,0,0,0,0
"run4_GAAGCAGAGTTAGGTA-1",0,0,0,8.5173931714189,0,0,0,0,0,0,8.5173931714189,0,0,0
"run4_GACAGAGTCCGGCACA-1",0,8.5173931714189,7.82444593087762,7.82444593087762,0,0,0,0,0,0,0,0,0,0
"run4_GACTGCGTCGCGATCG-1",0,0,9.21044036697652,0,0,0,0,0,0,0,0,0,0,0
"run4_GAGGTGACAAGCCGCT-1",0,8.5173931714189,8.5173931714189,0,0,0,0,0,0,0,0,0,0,0
"run4_GAGTCCGTCGCAAGCC-1",0,9.21044036697652,0,0,0,0,0,0,0,0,0,0,0,0
"run4_GATCTAGAGCTGTCTA-1",0,9.21044036697652,0,0,0,0,0,0,0,0,0,0,0,0
"run4_GATGAAAAGCGTGAAC-1",0,9.21044036697652,0,0,0,0,0,0,0,0,0,0,0,0
"run4_GATGAAAGTTGAGTTC-1",0,0,0,0,0,0,0,0,0,9.21044036697652,0,0,0,0
"run4_GATGAGGCAGATCTGT-1",0,0,9.21044036697652,0,0,0,0,0,0,0,0,0,0,0
"run4_GATGAGGGTAAGAGAG-1",0,8.5173931714189,8.5173931714189,0,0,0,0,0,0,0,0,0,0,0
"run4_GCAATCACACGTCTCT-1",0,8.5173931714189,0,8.5173931714189,0,0,0,0,0,0,0,0,0,0
"run4_GCACTCTCATTAACCG-1",0,0,0,9.21044036697652,0,0,0,0,0,0,0,0,0,0
"run4_GCATACAAGAGGTAGA-1",0,0,0,9.21044036697652,0,0,0,0,0,0,0,0,0,0
"run4_GCATACAGTGACCAAG-1",0,8.36327581770432,7.9579273422451,7.9579273422451,0,0,0,0,0,0,0,0,0,0
"run4_GCATGCGAGTCAATAG-1",0,8.5173931714189,0,8.5173931714189,0,0,0,0,0,0,0,0,0,0
"run4_GCATGTATCTAGAGTC-1",0,8.11202803831707,0,8.80502525261914,0,0,0,0,0,0,0,0,0,0
"run4_GCCAAATAGTTTGCGT-1",0,9.21044036697652,0,0,0,0,0,0,0,0,0,0,0,0
"run4_GCGACCATCGCACTCT-1",0,9.21044036697652,0,0,0,0,0,0,0,0,0,0,0,0
"run4_GCGCAGTAGCTGCCCA-1",0,8.5173931714189,0,8.5173931714189,0,0,0,0,0,0,0,0,0,0
"run4_GCGCAGTGTAGGACAC-1",0,9.21044036697652,0,0,0,0,0,0,0,0,0,0,0,0
"run4_GCTCCTATCTACGAGT-1",0,0,0,9.21044036697652,0,0,0,0,0,0,0,0,0,0
"run4_GCTCTGTAGCTAAGAT-1",0,8.5173931714189,8.5173931714189,0,0,0,0,0,0,0,0,0,0,0
"run4_GCTTGAATCCTAAGTG-1",0,9.21044036697652,0,0,0,0,0,0,0,0,0,0,0,0
"run4_GGAACTTAGTCGTTTG-1",6.50378904699771,8.80502525261914,6.50378904699771,7.60140233458373,0,0,0,0,0,0,0,0,0,0
"run4_GGAGCAAAGAAGAAGC-1",0,9.21044036697652,0,0,0,0,0,0,0,0,0,0,0,0
"run4_GGATGTTTCTAACTCT-1",0,7.82444593087762,0,8.92279162396964,0,0,0,0,0,0,0,0,0,0
"run4_GGATTACAGATGAGAG-1",0,9.21044036697652,0,0,0,0,0,0,0,0,0,0,0,0
"run4_GGATTACGTGTTCTTT-1",0,0,0,9.21044036697652,0,0,0,0,0,0,0,0,0,0
"run4_GGGAATGCAATCCGAT-1",0,0,9.21044036697652,0,0,0,0,0,0,0,0,0,0,0
"run4_GGTGTTACATGGAATA-1",0,8.5173931714189,0,8.5173931714189,0,0,0,0,0,0,0,0,0,0
"run4_GTAACTGAGGCCCGTT-1",0,8.11202803831707,0,8.80502525261914,0,0,0,0,0,0,0,0,0,0
"run4_GTAACTGCACTCGACG-1",0,0,8.5173931714189,8.5173931714189,0,0,0,0,0,0,0,0,0,0
"run4_GTACGTATCTTTCCTC-1",0,0,0,9.21044036697652,0,0,0,0,0,0,0,0,0,0
"run4_GTACTCCTCCGCATCT-1",0,9.21044036697652,0,0,0,0,0,0,0,0,0,0,0,0
"run4_GTACTTTCAATCACAC-1",0,8.80502525261914,0,8.11202803831707,0,0,0,0,0,0,0,0,0,0
"run4_GTAGGCCAGAAGGCCT-1",0,0,0,9.21044036697652,0,0,0,0,0,0,0,0,0,0
"run4_GTAGTCACATTGGGCC-1",0,9.21044036697652,0,0,0,0,0,0,0,0,0,0,0,0
"run4_GTATCTTAGAATCTCC-1",0,8.29429960885724,7.60140233458373,8.29429960885724,0,0,0,0,0,0,0,0,0,0
"run4_GTATCTTAGAGTACAT-1",0,9.21044036697652,0,0,0,0,0,0,0,0,0,0,0,0
"run4_GTATCTTCAGATCTGT-1",0,9.21044036697652,0,0,0,0,0,0,0,0,0,0,0,0
"run4_GTATTCTGTCAACATC-1",0,8.11202803831707,0,8.80502525261914,0,0,0,0,0,0,0,0,0,0
"run4_GTCATTTCACGCATCG-1",0,8.5173931714189,0,8.5173931714189,0,0,0,0,0,0,0,0,0,0
"run4_GTCCTCAGTCTCAACA-1",0,8.11202803831707,0,8.80502525261914,0,0,0,0,0,0,0,0,0,0
"run4_GTCTCGTAGTCGCCGT-1",0,8.5173931714189,0,8.5173931714189,0,0,0,0,0,0,0,0,0,0
"run4_GTCTTCGCAGGTTTCA-1",0,8.5173931714189,0,8.5173931714189,0,0,0,0,0,0,0,0,0,0
"run4_GTGAAGGCACTCTGTC-1",0,9.21044036697652,0,0,0,0,0,0,0,0,0,0,0,0
"run4_GTGTTAGTCATCGGAT-1",0,0,0,0,0,0,0,0,0,0,0,0,0,9.21044036697652
"run4_GTTCATTAGGGCTCTC-1",0,0,9.21044036697652,0,0,0,0,0,0,0,0,0,0,0
"run4_TAAACCGCACCTGGTG-1",0,8.80502525261914,0,0,0,0,0,0,0,0,0,0,0,8.11202803831707
"run4_TAAACCGTCTCTGCTG-1",0,0,9.21044036697652,0,0,0,0,0,0,0,0,0,0,0
"run4_TACAGTGTCGGATGGA-1",0,0,0,9.21044036697652,0,0,0,0,0,0,0,0,0,0
"run4_TACCTATCAAAGGAAG-1",0,9.21044036697652,0,0,0,0,0,0,0,0,0,0,0,0
"run4_TACCTTATCTGGTTCC-1",0,9.21044036697652,0,0,0,0,0,0,0,0,0,0,0,0
"run4_TACGGATGTTGATTGC-1",0,8.80502525261914,0,8.11202803831707,0,0,0,0,0,0,0,0,0,0
"run4_TACGGGCCACCCAGTG-1",7.82444593087762,7.82444593087762,0,7.82444593087762,0,0,0,0,0,0,0,0,0,7.82444593087762
"run4_TAGACCAGTACCGAGA-1",0,9.21044036697652,0,0,0,0,0,0,0,0,0,0,0,0
"run4_TAGACCATCAGCTCTC-1",0,8.80502525261914,8.11202803831707,0,0,0,0,0,0,0,0,0,0,0
"run4_TCAATCTTCGACAGCC-1",0,0,0,9.21044036697652,0,0,0,0,0,0,0,0,0,0
"run4_TCACAAGGTAGAGCTG-1",0,9.21044036697652,0,0,0,0,0,0,0,0,0,0,0,0
"run4_TCAGATGCAGTATCTG-1",0,8.5173931714189,8.11202803831707,7.4191807228201,0,0,0,0,0,0,0,0,0,0
"run4_TCAGGTATCCAGAAGG-1",0,0,8.5173931714189,8.5173931714189,0,0,0,0,0,0,0,0,0,0
"run4_TCATTACGTAAGGGCT-1",0,0,0,9.21044036697652,0,0,0,0,0,0,0,0,0,0
"run4_TCATTTGTCGCCCTTA-1",0,0,0,9.21044036697652,0,0,0,0,0,0,0,0,0,0
"run4_TCGAGGCAGGGATGGG-1",0,0,0,9.21044036697652,0,0,0,0,0,0,0,0,0,0
"run4_TCGAGGCGTCACCTAA-1",0,9.21044036697652,0,0,0,0,0,0,0,0,0,0,0,0
"run4_TCTGAGACATCGACGC-1",0,0,0,9.21044036697652,0,0,0,0,0,0,0,0,0,0
"run4_TCTTTCCAGTGTTTGC-1",0,9.21044036697652,0,0,0,0,0,0,0,0,0,0,0,0
"run4_TCTTTCCGTGCTTCTC-1",0,0,0,9.21044036697652,0,0,0,0,0,0,0,0,0,0
"run4_TGACAACAGTACGCCC-1",0,0,0,8.5173931714189,0,0,0,0,0,0,0,0,0,8.5173931714189
"run4_TGACAACGTATTCTCT-1",0,7.70671287398027,8.11202803831707,7.70671287398027,0,0,0,0,0,0,0,0,0,7.70671287398027
"run4_TGACGGCAGTCCTCCT-1",0,8.5173931714189,0,8.5173931714189,0,0,0,0,0,0,0,0,0,0
"run4_TGACTAGGTGACTACT-1",0,9.21044036697652,0,0,0,0,0,0,0,0,0,0,0,0
"run4_TGACTAGTCGATAGAA-1",0,0,0,9.21044036697652,0,0,0,0,0,0,0,0,0,0
"run4_TGAGCCGAGCGACGTA-1",0,0,0,9.21044036697652,0,0,0,0,0,0,0,0,0,0
"run4_TGATTTCGTTTGACAC-1",0,8.80502525261914,0,8.11202803831707,0,0,0,0,0,0,0,0,0,0
"run4_TGCACCTAGTTACGGG-1",0,8.11202803831707,7.4191807228201,8.5173931714189,0,0,0,0,0,0,0,0,0,0
"run4_TGCCAAATCTGTCTAT-1",0,8.29429960885724,7.60140233458373,7.60140233458373,0,0,0,0,0,7.60140233458373,0,0,0,0
"run4_TGCGTGGCATATACGC-1",0,0,0,9.21044036697652,0,0,0,0,0,0,0,0,0,0
"run4_TGCTGCTTCGCCAAAT-1",0,0,0,8.98732181285012,0,0,0,7.60140233458373,0,0,0,0,0,0
"run4_TGGACGCTCGTCCGTT-1",0,0,0,9.21044036697652,0,0,0,0,0,0,0,0,0,0
"run4_TGGCCAGTCCCTTGTG-1",0,8.80502525261914,0,8.11202803831707,0,0,0,0,0,0,0,0,0,0
"run4_TTAGTTCCAGACACTT-1",0,0,0,0,0,0,0,0,0,0,0,0,0,9.21044036697652
"run4_TTCGAAGGTCTAGGTT-1",0,0,0,9.21044036697652,0,0,0,0,0,0,0,0,0,0
"run4_TTCGGTCTCCCAACGG-1",0,0,0,9.21044036697652,0,0,0,0,0,0,0,0,0,0
"run4_TTCTTAGGTTAGGGTG-1",0,0,0,9.21044036697652,0,0,0,0,0,0,0,0,0,0
"run4_TTTACTGCAAGGCTCC-1",0,0,0,9.21044036697652,0,0,0,0,0,0,0,0,0,0
